{"cameraMode":{"drawMode":0,"name":"Shaded","section":"Shading Mode"},"sceneLighting":true,"audioPlay":false,"sceneViewState":{"showFog":true,"showMaterialUpdate":false,"showSkybox":true,"showFlares":true,"showImageEffects":true,"showParticleSystems":true},"in2DMode":false,"pivot":{"x":-4.189663410186768,"y":0.476607084274292,"z":1.4074718952178956},"rotation":{"x":-0.18515831232070924,"y":0.4737806022167206,"z":-0.10262324661016464,"w":-0.8548198342323303},"size":6.452611923217773,"orthographic":false}