{"cameraMode":{"drawMode":0,"name":"Shaded","section":"Shading Mode"},"sceneLighting":true,"audioPlay":false,"sceneViewState":{"showFog":true,"showMaterialUpdate":false,"showSkybox":true,"showFlares":true,"showImageEffects":true,"showParticleSystems":true},"in2DMode":false,"pivot":{"x":-3.176866054534912,"y":7.200750827789307,"z":-17.822193145751954},"rotation":{"x":-0.03715812414884567,"y":0.00023367677931673825,"z":0.000010211999324383214,"w":0.9993094205856323},"size":0.24635273218154908,"orthographic":false}