{"cameraMode":{"drawMode":0,"name":"Shaded","section":"Shading Mode"},"sceneLighting":true,"audioPlay":false,"sceneViewState":{"showFog":true,"showMaterialUpdate":false,"showSkybox":true,"showFlares":true,"showImageEffects":true,"showParticleSystems":true},"in2DMode":false,"pivot":{"x":5.655093669891357,"y":3.324247360229492,"z":-5.009705543518066},"rotation":{"x":0.09655056148767472,"y":-0.22637616097927094,"z":0.022555863484740258,"w":0.9689804315567017},"size":8.266118049621582,"orthographic":false}