{"cameraMode":{"drawMode":0,"name":"Shaded","section":"Shading Mode"},"sceneLighting":true,"audioPlay":false,"sceneViewState":{"showFog":true,"showMaterialUpdate":false,"showSkybox":true,"showFlares":true,"showImageEffects":true,"showParticleSystems":true},"in2DMode":false,"pivot":{"x":10.035690307617188,"y":4.987482070922852,"z":-2.9035303592681886},"rotation":{"x":0.10366816073656082,"y":0.23199568688869477,"z":-0.024875620380043985,"w":0.966856837272644},"size":15.573832511901856,"orthographic":false}