{"cameraMode":{"drawMode":0,"name":"Shaded","section":"Shading Mode"},"sceneLighting":true,"audioPlay":false,"sceneViewState":{"showFog":true,"showMaterialUpdate":false,"showSkybox":true,"showFlares":true,"showImageEffects":true,"showParticleSystems":true},"in2DMode":false,"pivot":{"x":-31.37311363220215,"y":8.629448890686036,"z":-0.9929342269897461},"rotation":{"x":-0.0958154946565628,"y":0.4826629161834717,"z":-0.05322161316871643,"w":-0.8689208030700684},"size":4.692567825317383,"orthographic":false}