{"cameraMode":{"drawMode":0,"name":"Shaded","section":"Shading Mode"},"sceneLighting":true,"audioPlay":false,"sceneViewState":{"showFog":true,"showMaterialUpdate":false,"showSkybox":true,"showFlares":true,"showImageEffects":true,"showParticleSystems":true},"in2DMode":false,"pivot":{"x":-25.7857666015625,"y":5.228054046630859,"z":-17.893089294433595},"rotation":{"x":0.055793195962905887,"y":-0.94012850522995,"z":0.278535932302475,"w":0.1883171647787094},"size":14.347840309143067,"orthographic":false}